{"Loss": 0.0273446211418192, "Accuracy": 0.9948481644139459}